id,long,lat,streets
1,106.636137946531,10.8027874729889,"[52, 21]"
2,106.635414956844,10.8025041096741,[52]
3,106.633984993906,10.8019373830444,[52]
4,106.631783891969,10.798442568828,"[52, 55, 58]"
5,106.629414092438,10.7947982050797,"[52, 59, 60]"
6,106.628401906875,10.7928382236824,"[52, 61]"
7,106.629815753375,10.799229689147,[55]
8,106.627502186375,10.8003631424064,[55]
9,106.633037074094,10.7976397061026,[58]
10,106.632386383375,10.7938851213766,"[58, 59]"
11,106.6308118725,10.7941212637136,[59]
12,106.634266156563,10.7935860077497,[59]
13,106.637849022125,10.7930035233183,"[59, 62]"
14,106.627935980188,10.7956325746706,[60]
15,106.626923794625,10.7956955459605,[60]
16,106.623822972188,10.7958057457178,"[57, 60]"
17,106.622714388,10.7957427744279,[60]
18,106.620143808,10.7956168318481,[60]
19,106.623967570125,10.7992060755374,[57]
20,106.62457809475,10.8013155579924,[57]
21,106.619035223813,10.7957112887829,[60]
22,106.616753789688,10.795915945475,[60]
23,106.61442415625,10.7950500902393,[60]
24,106.626931827844,10.7930979802531,[61]
25,106.625542081,10.7933105083564,[61]
26,106.628980298625,10.7927752523925,[61]
27,106.631117134812,10.7924446531207,[61]
28,106.633993027125,10.7920038540915,[61]
29,106.637591959125,10.7914528553051,"[61, 62]"
30,106.638290849156,10.7955066320908,"[62, 66]"
31,106.637358995781,10.7901225868065,"[62, 64]"
32,106.636748471156,10.7863835473994,"[62, 63]"
33,106.63601744825,10.7815897312587,"[62, 67]"
34,106.635864817094,10.7804168649098,[62]
35,106.634129591844,10.7765675667822,[62]
36,106.633519067219,10.7757646457004,[62]
37,106.631783891969,10.7701440998613,"[62, 77]"
38,106.632346217281,10.7639487869626,[62]
39,106.634209924031,10.7588239903606,[62]
40,106.637567859469,10.7545335352288,"[62, 33]"
41,106.633462834688,10.7876036483877,[63]
42,106.630394145125,10.787981486113,[63]
43,106.627646784313,10.7875091889563,[63]
44,106.62277865375,10.7884222967926,"[63, 102]"
45,106.633784163438,10.7907050712379,[64]
46,106.630956470438,10.7911773559119,[64]
47,106.629751487625,10.791413498249,[64]
48,106.643440142375,10.7866511824549,"[65, 68]"
49,106.646107171,10.7879106415395,[65]
50,106.641624634938,10.7858876353849,"[66, 67]"
51,106.643327677312,10.7813063755201,[66]
52,106.640194722,10.7900202584605,[66]
53,106.639311067937,10.7926807954577,[66]
54,106.644532660125,10.7795903285021,[66]
55,106.645994705937,10.7774334620666,[66]
56,106.648019077063,10.7747413149098,"[66, 69]"
57,106.640226854875,10.7848092235437,[67]
58,106.634185824375,10.780621531068,"[67, 101]"
59,106.628610770563,10.7775357951456,[67]
60,106.621445189438,10.7735999005548,"[67, 77]"
61,106.642042362312,10.7848800681172,"[68, 66]"
62,106.6436650725,10.7854153382282,[68]
63,106.643070614313,10.7880759455444,[68]
64,106.642877817062,10.7893197028606,[68]
65,106.645834041562,10.7968604569868,"[68, 21]"
66,106.646099137781,10.7720255038835,[69]
67,106.644492494031,10.7697583726768,[69]
68,106.642355657844,10.7667512750347,"[69, 76, 77]"
69,106.649762235531,10.7771107192788,[69]
70,106.649890767031,10.7794250212205,[69]
71,106.650163896469,10.7821092581311,[69]
72,106.651015417656,10.7845966898232,"[69, 65]"
73,106.652450150525,10.7901619438627,"[69, 47]"
74,106.642259259219,10.7628466801664,"[69, 74]"
75,106.641568402406,10.7589263288488,[69]
76,106.637599992344,10.7586271829404,[69]
79,106.635390857188,10.7575880262136,"[69, 62, 103]"
80,106.629598856469,10.8231887713592,"[21, 70]"
81,106.630675307781,10.8204183092233,[21]
82,106.632820177188,10.813641559414,[21]
83,106.634651751063,10.807533768568,"[21, 22]"
84,106.635776451688,10.8037713733877,[21]
85,106.63666010575,10.8018586710125,"[21, 66]"
86,106.641174774687,10.7993713708044,[21]
87,106.644050667,10.7978443573856,[21]
88,106.646926559313,10.7962701589806,"[21, 72]"
89,106.648501020187,10.7954200465673,[21]
90,106.650163896469,10.794569934154,[21]
91,106.653361117531,10.7928067380374,"[21, 47, 23, 46]"
92,106.630803839281,10.8255342194175,[70]
93,106.640122423031,10.844297018724,[70]
94,106.634916847281,10.8344593117198,[70]
95,106.635913016406,10.8364426058946,[70]
96,106.636049581125,10.8062744093447,"[22, 73]"
97,106.637591959125,10.8041649826456,[22]
98,106.638732676188,10.8028110865985,[22]
99,106.641640701375,10.8023230720007,[22]
100,106.64745675175,10.8018665422157,"[22, 72]"
101,106.654509867813,10.8012683307732,[22]
102,106.661293167725,10.800564645208,"[22, 23]"
103,106.640106356594,10.7931452087205,[71]
104,106.640829346281,10.7955617319695,[71]
105,106.641953996906,10.7989620682386,"[71, 21]"
106,106.647223788406,10.7994185980236,[72]
107,106.648107442469,10.8093991944175,"[72, 73]"
108,106.644862022094,10.8096746792476,[73]
109,106.640210788437,10.8078249953883,[73]
110,106.655048093469,10.8086435788835,[73]
111,106.652196300813,10.7688609665742,"[66, 74, 78, 79]"
112,106.646396366875,10.7652240819695,"[74, 75, 76]"
113,106.651151982375,10.7626971085298,[75]
114,106.6570322985,10.7621460551318,"[75, 78, 89]"
115,106.644853988875,10.7658144963245,[76]
116,106.637583925906,10.7689081984743,[77]
117,106.63563185375,10.7694120054092,[77]
118,106.644942354281,10.7642243136616,"[74, 96]"
119,106.654558067125,10.7656727968793,[78]
120,106.652758626125,10.7711359697642,"[79, 80, 81]"
121,106.653272752125,10.7755757230929,[80]
122,106.655907647875,10.7783465880028,"[80, 47]"
123,106.65812481625,10.7702543076283,"[81, 82, 47]"
124,106.663606734725,10.7763896646602,"[82, 83]"
125,106.672054467562,10.7828649335818,"[82, 46]"
126,106.661418485938,10.7734975647712,[82]
127,106.664789224525,10.7733416995007,[83]
128,106.658851019225,10.7807348846325,"[83, 84]"
129,106.664596427275,10.7868558445562,"[84, 46]"
130,106.661794440575,10.7837449806172,[84]
131,106.656087591975,10.7778128816366,"[84, 47]"
132,106.665573266675,10.7778506661581,"[85, 82]"
133,106.668015365175,10.7746137921498,[85]
134,106.670769152562,10.769637668932,"[85, 89]"
135,106.671101192271,10.7698161005548,"[85, 89]"
136,106.671551052521,10.7677903768377,"[85, 28]"
137,106.671818826479,10.7666463152566,[85]
138,106.672268686729,10.7646100510402,"[85, 92]"
139,106.672675703146,10.76277320638,[85]
140,106.673146985312,10.7607474291262,"[85, 36]"
141,106.673296938729,10.7600756687933,"[85, 93]"
142,106.674089523792,10.7575040539528,"[85, 31, 94]"
143,106.669429211675,10.7808608330374,"[82, 87]"
144,106.664583574125,10.7771453550902,"[82, 86]"
145,106.662639535187,10.7787637920943,[86]
146,106.660676166525,10.7825988728502,"[86, 84]"
147,106.665573266675,10.7838583319348,[87]
148,106.667095293854,10.7676434331484,"[83, 88, 89]"
149,106.667598708896,10.7656176915395,[88]
150,106.642347624625,10.7541871496533,"[89, 33]"
151,106.649304342063,10.7579029221914,[89]
152,106.653320951438,10.7601071575589,[89]
153,106.659972456562,10.7637677265603,"[89, 47]"
154,106.661611283187,10.764586434466,[89]
155,106.664053381687,10.7658696016644,[89]
156,106.668005725312,10.7680947601942,"[28, 89]"
157,106.6744483395,10.7676565531207,"[28, 90, 92]"
158,106.6786898625,10.7663340599168,[28]
159,106.681662141875,10.7653579092233,"[28, 41, 93, 94, 49]"
160,106.676467347292,10.7621749198336,"[90, 93]"
161,106.673098786,10.7708289624133,"[90, 89]"
162,106.677666969958,10.7588266144244,"[90, 31]"
163,106.67819501815,10.7571692145631,"[90, 95]"
164,106.678984412708,10.7547014797503,"[90, 50]"
165,106.6777901455,10.7737258522885,"[91, 89]"
166,106.67903046965,10.7726741553121,[91]
167,106.68210236055,10.7700039785576,[91]
168,106.68428738755,10.7680643218585,"[91, 41]"
169,106.676906494875,10.7744185721221,[91]
170,106.671909869625,10.7749066221914,[91]
171,106.679926973375,10.7752057496533,[89]
172,106.681662141875,10.7778034355062,"[89, 46]"
173,106.666142018562,10.7560870220527,"[92, 93, 31, 33]"
174,106.668905445812,10.7598657436893,"[92, 88, 36]"
175,106.670683464896,10.7623113711512,[92]
176,106.671636740187,10.7734739488211,[90]
177,106.689502518688,10.7735447966713,"[41, 46]"
178,106.687205018125,10.7711879248544,[41]
179,106.68446733095,10.7683162253259,[41]
180,106.6917357535,10.775906337656,[41]
181,106.693053201375,10.7773232572122,[41]
182,106.69398505475,10.7782678702497,[41]
183,106.694997240313,10.7794328929958,[41]
184,106.69588732095,10.7804011213592,[41]
185,106.696973412125,10.7816054744972,[41]
186,106.69809806275,10.7828019606276,[41]
187,106.69964049075,10.7844864871533,[41]
188,106.701632729,10.7865016216886,[41]
189,106.703512502187,10.7885010129854,[41]
190,106.70737808705,10.7926430126838,[41]
191,106.7099872765,10.7954011551803,[41]
192,106.678673796125,10.7636234030513,[93]
193,106.675064217208,10.7612092643551,"[93, 36]"
194,106.671368966229,10.7588685994452,[93]
195,106.669430282771,10.7575670331484,"[93, 88]"
196,106.668037858187,10.7636890046463,[88]
197,106.668466296521,10.7618075509015,[88]
198,106.669655212896,10.7566433382802,"[88, 31]"
199,106.669583449475,10.7545870675451,"[88, 95]"
200,106.669494548521,10.7534313993065,"[88, 94]"
201,106.669430282771,10.7526546558946,"[88, 50]"
202,106.66930710675,10.7499360216366,[88]
203,106.671786693604,10.7570631995839,[31]
204,106.675792559542,10.7580498736477,[31]
205,106.680162613542,10.7598447511789,[31]
206,106.683375888542,10.7611357905687,"[31, 49]"
207,106.667887904771,10.7525706836338,"[94, 50]"
208,106.671229723771,10.7543970803051,[94]
209,106.671961282225,10.7550531135922,"[94, 95]"
210,106.677099291375,10.7604640302358,[94]
211,106.679091521875,10.7625003037448,[94]
212,106.68404317865,10.7594742333703,"[49, 95]"
213,106.685228877125,10.7564544006935,"[49, 50]"
214,106.68669091725,10.7540297016644,[49]
215,106.687783409875,10.7506445563107,[49]
216,106.658762118271,10.752927565742,[95]
217,106.657391115604,10.7528855796117,[95]
218,106.653567303479,10.7526756489598,[95]
219,106.650734255,10.7532582065187,"[95, 33]"
220,106.661482751688,10.7530010414702,[95]
221,106.662885887229,10.7532424617198,[95]
222,106.664181913187,10.7534523923717,[95]
223,106.666602589771,10.7539562259362,[95]
224,106.67626705315,10.7563504850208,[95]
225,106.68077849125,10.7582146692094,[95]
226,106.68663950485,10.7625223458807,[95]
227,106.687089339775,10.7633158627739,[95]
228,106.688336095325,10.7666788527878,[95]
229,106.689762794975,10.7686814853537,[95]
230,106.693284558075,10.7713516621082,"[95, 46]"
231,106.654421502406,10.7519277710125,[50]
232,106.658920104906,10.7519592606103,[50]
233,106.661482751688,10.7520563535368,[50]
234,106.664417554271,10.752255787656,[50]
235,106.656105800604,10.751972381276,[50]
236,106.657487514229,10.751972381276,[50]
237,106.659980489781,10.751990750208,[50]
238,106.666773965104,10.7524657183079,[50]
239,106.672065178521,10.7529380622746,[50]
240,106.674775022458,10.7535888472954,[50]
241,106.676885073042,10.7541766531207,[50]
242,106.681415790792,10.7553732578363,[50]
243,106.683686505125,10.7559820567268,[50]
244,106.687598645844,10.759028667337,[50]
245,106.689783681344,10.7615792573509,[50]
246,106.692434643531,10.7646179232316,[50]
247,106.694314416719,10.7668063789182,[50]
248,106.695406934469,10.7680029203883,[50]
249,106.634458953812,10.7538092744799,"[33, 30]"
250,106.643175046156,10.7541005532594,"[33, 96]"
251,106.6480351435,10.7535416128988,[33]
252,106.653770811688,10.7535731024965,[33]
253,106.655056126687,10.753793529681,[33]
254,106.658462211437,10.7543760872399,[33]
255,106.656132578,10.7540139568655,[33]
256,106.660325918187,10.7548799208044,[33]
257,106.661547017437,10.7551108445215,[33]
258,106.662437098075,10.7552609449376,"[33, 47]"
259,106.663432146104,10.7555097127601,[33]
260,106.663774896771,10.755562195423,[33]
261,106.642339591406,10.7496919708044,"[96, 99]"
262,106.643279478,10.7546437488211,[96]
263,106.643938201938,10.758249307767,[96]
264,106.642741252344,10.7467948512483,"[96, 97]"
265,106.642917983156,10.7458501383495,"[97, 98]"
266,106.643271444781,10.7427797803571,[97]
267,106.643881969406,10.7400400586512,[97]
268,106.644412161844,10.743425346966,[98]
269,106.645729609719,10.7411894821255,[98]
270,106.640009957969,10.7492038691401,[99]
271,106.635189976719,10.7479757423717,[99]
272,106.631446496781,10.7470782651179,[99]
273,106.628859800344,10.7464169660888,[99]
274,106.625630446406,10.7456139601248,[99]
275,106.623750673219,10.7454407627601,"[99, 30]"
276,106.665587726469,10.7591703667822,[36]
277,106.671069059396,10.7603380751734,[36]
278,106.662760033469,10.7585878209431,[36]
279,106.661522917781,10.7583516489598,"[36, 47]"
280,106.660623147281,10.7581627113731,[36]
281,106.659498496656,10.7579422841886,[36]
282,106.658277447406,10.7576746226075,[36]
283,106.657088531031,10.7574384506241,[36]
284,106.656012079719,10.7572337682386,[36]
285,106.653666379844,10.7567771690707,[36]
286,106.651127882719,10.7562890803051,"[36, 100]"
287,106.651401012156,10.7590601561026,"[100, 89]"
288,106.650469158781,10.7509673332178,[100]
289,106.601410291875,10.7236563842233,[30]
290,106.604157652687,10.726034084466,[30]
291,106.607242408687,10.728081111165,[30]
292,106.6102468825,10.7301596355062,[30]
293,106.610985938625,10.7312775974688,[30]
294,106.611933858437,10.7328049539528,[30]
295,106.61346017,10.7353557967406,[30]
296,106.614986481563,10.7379537763176,[30]
297,106.618296167688,10.7410241540915,[30]
298,106.628851767125,10.7496840981969,[30]
300,106.656807368375,10.775073503828,[47]
301,106.660226306275,10.7628561267961,[47]
302,106.660509075575,10.761961845853,[47]
303,106.660766138575,10.7610423738974,[47]
304,106.661061811025,10.760135497448,[47]
305,106.661331727175,10.7592160254924,[47]
306,106.655316402975,10.7804640955617,[47]
307,106.654429535625,10.7836127374133,[47]
308,106.654223885225,10.7843810074549,[47]
309,106.653851143875,10.7856152773578,[47]
310,106.653542668275,10.7866858175797,[47]
311,106.655701997475,10.7953255896325,[23]
312,106.658401158975,10.7978821391609,[23]
313,106.660611900775,10.7999853246533,[23]
314,106.665470441475,10.8003253606311,[23]
315,106.667552651775,10.8001742335298,[23]
316,106.673015240525,10.7996830704508,[23]
317,106.67491747765,10.7995697251248,[23]
318,106.67752665695,10.7993556283981,[23]
319,106.68027722035,10.7991415316713,[23]
320,106.660615114062,10.7889890533807,[46]
321,106.657176896438,10.7907837853502,[46]
322,106.66647941375,10.7858089191921,[46]
323,106.67711535775,10.7801728398752,[46]
324,106.678641663375,10.7793384316921,[46]
325,106.6837025715,10.776662028086,[46]
326,106.686835490062,10.7749932117198,[46]
327,106.688281469437,10.7742375212899,[46]
328,106.628867833563,10.7820384135576,[101]
329,106.621429123,10.7843526696255,"[101, 102]"
330,106.622023581188,10.7860844258669,[102]
331,106.623212447563,10.7897998589459,[102]
332,106.620127741563,10.7804168649098,[102]
333,106.627036259688,10.7717421124827,[77]
334,106.632643446375,10.755808863939,[103]
335,106.631872257375,10.7543760872399,[103]
336,106.631534862188,10.7534943785021,[103]
337,106.632386383375,10.7524552217753,"[103, 30]"
